Model,Jenis Ringkasan,Output
gp,a,Dua orang teman (siapa) mendiskusikan rencana pembelian ponsel baru (apa) karena ponsel yang lama boros baterai (mengapa); Speaker 1 bingung memilih antara teknologi layar lipat yang canggih dan fitur AI yang praktis (apa); Speaker 2 menyarankan untuk menonton video ulasan di YouTube (bagaimana) untuk membantu mengambil keputusan.
gp,b,Percakapan ini membahas kebingungan seseorang dalam memilih ponsel baru untuk menggantikan ponsel lamanya yang boros baterai. Ia tertarik pada dua teknologi terbaru, yaitu ponsel layar lipat dan ponsel dengan fitur AI yang canggih. Temannya kemudian menyarankan agar ia menonton video ulasan terlebih dahulu untuk membandingkan kelebihan dan kekurangan masing-masing sebelum memutuskan membeli.
cgpt,a,Speaker 1 mengeluhkan baterai ponselnya boros dan butuh ganti; Speaker 2 menyinggung ponsel terbaru yang baru rilis bulan ini; Speaker 1 tertarik dengan ponsel lipat karena layar bisa diperbesar; Speaker 2 lebih tertarik dengan fitur AI seperti ringkas email dan edit foto otomatis; Mereka sepakat menonton review YouTube sebelum memutuskan membeli.
cgpt,b,Seorang pengguna ponsel mengeluhkan baterai perangkatnya yang cepat habis dan berencana mencari pengganti. Ia tertarik pada ponsel lipat terbaru, sementara temannya menyoroti fitur AI canggih yang ditawarkan. Akhirnya, mereka sepakat menonton review di YouTube terlebih dahulu agar tidak salah memilih.
qw,a,Speaker 1 mengeluh baterai ponselnya boros dan ingin ganti ke ponsel lipat terbaru karena layarnya besar untuk hiburan; Speaker 2 menyarankan pertimbangkan juga fitur AI canggih yang membantu produktivitas; keduanya sepakat fitur AI sangat berguna untuk pekerjaan sehari-hari; Speaker 1 jadi bingung memilih antara layar lipat atau kecerdasan AI; akhirnya Speaker 2 menyarankan menonton review dulu sebelum membeli, dan Speaker 1 setuju.
qw,b,Speaker 1 ingin mengganti ponsel lamanya yang boros baterai, tertarik pada ponsel lipat terbaru untuk hiburan. Namun, Speaker 2 mengingatkan bahwa fitur AI yang canggih juga sangat membantu untuk produktivitas harian. Jadi, Speaker 1 bingung memilih antara layar lipat atau kecerdasan AI, dan akhirnya memutuskan mencari review dulu sebelum membeli.
ds,a,Speaker 1 memiliki ponsel dengan baterai yang sudah boros dan tidak sehat; Speaker 1 tertarik dengan ponsel lipat terbaru karena layar besar untuk menonton dan main game; Speaker 2 tertarik pada fitur AI canggih di ponsel baru yang bisa meringkas email dan mengedit foto; Mereka berdiskusi tentang kebingungan memilih antara teknologi layar lipat atau fitur AI; Speaker 2 menyarankan untuk menonton video review di YouTube sebelum memutuskan.
ds,b,Speaker 1 mengeluhkan ponselnya yang boros baterai dan tertarik untuk membeli ponsel lipat terbaru karena layarnya yang besar. Speaker 2 justru lebih tertarik pada fitur AI canggih yang dapat membantu tugas praktis seperti meringkas email. Akhirnya, Speaker 2 menyarankan untuk menonton review di YouTube terlebih dahulu agar tidak salah pilih.
