Model,Jenis Ringkasan,Output
gp,a,Speaker 1 (siapa) mengeluh sering merasa lelah (apa) karena kebiasaan begadang (mengapa); Speaker 2 menyarankan untuk memperbaiki gaya hidup (apa) dengan cara jalan pagi dan mengatur jam tidur sebelum jam 11 malam (bagaimana); Speaker 1 menyebut dulu pernah rutin berolahraga di Lapangan Saburai (di mana); Speaker 2 lalu menawarkan untuk jalan pagi bersama pada hari Minggu untuk memberi motivasi.
gp,b,Percakapan ini berisi keluhan seseorang yang merasa terus-menerus lelah akibat pola tidur yang tidak teratur. Temannya memberikan saran praktis untuk memperbaiki gaya hidup, seperti memulai kembali kebiasaan jalan pagi dan disiplin tidur lebih awal. Sebagai bentuk dukungan, temannya juga mengajaknya untuk berolahraga bersama di akhir pekan.
cgpt,a,Speaker 1 merasa tubuhnya sering lelah meski pekerjaan tidak berat; Speaker 2 menyebut penyebabnya bisa karena kurang tidur atau kurang bergerak; Speaker 1 mengaku sering begadang nonton serial sehingga lemas dan bergantung pada kopi; Speaker 2 menyarankan mengurangi kopi, banyak minum air putih, jalan pagi 15 menit, dan tidur lebih teratur; Mereka sepakat mencoba jalan santai bersama pada Minggu pagi.
cgpt,b,Seorang teman mengeluhkan tubuhnya sering lelah karena kebiasaan begadang dan terlalu banyak minum kopi. Temannya menyarankan untuk lebih disiplin tidur, mengurangi kopi, memperbanyak air putih, dan rutin jalan pagi. Akhirnya, mereka berencana jalan santai bersama pada Minggu pagi untuk memulai kebiasaan sehat.
qw,a,Speaker 1 merasa sering lelah meski kerjaan tidak berat, ternyata karena sering begadang menonton serial dan kurang tidur; Speaker 2 mengidentifikasi penyebabnya sebagai pola tidur buruk dan kurang aktivitas fisik; Speaker 2 menyarankan minum lebih banyak air putih, jalan pagi 15 menit, dan tidur sebelum jam 11 malam; Speaker 1 pernah rutin jalan pagi di Lapangan Saburai tapi sudah jarang, dan kini berniat memulai lagi; Speaker 2 menawarkan temani jalan santai Minggu pagi agar lebih termotivasi.
qw,b,Speaker 1 mengeluh sering lelah meski kerjaan ringan, yang ternyata karena kebiasaan begadang dan kurang gerak. Speaker 2 menyarankan perbaikan pola tidur, perbanyak air putih, dan mulai lagi jalan pagi meski hanya 15 menit. Speaker 1 menyadari perlu lebih disiplin dan menerima saran tersebut. Bahkan, mereka berencana jalan santai bareng Minggu pagi agar lebih semangat.
ds,a,Speaker 1 merasa badannya capek terus meski kerjaan tidak berat; Penyebabnya adalah pola tidur yang kurang bagus karena sering begadang; Speaker 2 menyarankan untuk mengurangi kopi dan minum air putih yang cukup; Speaker 2 juga menyarankan jalan pagi 15 menit dan mengatur jam tidur sebelum jam 11 malam; Mereka berencana jalan santai bareng besok Minggu pagi.
ds,b,Speaker 1 mengeluhkan badan yang terus merasa capek meski pekerjaan tidak berat, yang diduga akibat kebiasaan begadang. Speaker 2 memberikan saran untuk mengurangi kopi, memperbanyak air putih, serta membiasakan jalan pagi dan mengatur jam tidur. Akhirnya, mereka berencana untuk jalan santai bersama pada Minggu pagi agar lebih semangat.
