Model,Jenis Ringkasan,Output
gp,a,Dua orang (siapa) tidak saling kenal sedang menunggu bus koridor 1 (apa) di sebuah halte (di mana) pada jam pulang kerja (kapan); mereka menduga bus terlambat karena macet (mengapa); keduanya setuju bahwa naik bus lebih baik daripada kendaraan pribadi untuk menghindari macet dan lebih santai (mengapa).
gp,b,Dua orang penumpang bertemu di halte saat sama-sama menunggu bus koridor 1 yang sedikit terlambat akibat macet jam pulang kerja. Mereka sepakat bahwa menggunakan transportasi umum seperti bus lebih nyaman dan efisien untuk menghindari kemacetan dan sulitnya mencari parkir. Percakapan mereka berakhir saat bus yang ditunggu akhirnya tiba.
cgpt,a,Speaker 1 menanyakan apakah halte tersebut untuk bus koridor 1 ke arah pusat kota; Speaker 2 membenarkan dan mengatakan ia juga menunggu bus yang sama; Keduanya membicarakan bus yang terlambat karena macet saat jam pulang kerja; Mereka sepakat lebih nyaman naik bus daripada membawa kendaraan pribadi karena lebih hemat dan tidak repot; Bus yang ditunggu akhirnya tiba dan mereka bersiap naik.
cgpt,b,"Seorang penumpang menanyakan apakah halte tersebut benar untuk bus koridor 1 menuju pusat kota dan mendapat konfirmasi dari penumpang lain. Mereka berdiskusi tentang keterlambatan bus akibat macet dan sama-sama merasa lebih nyaman menggunakan bus daripada kendaraan pribadi. Akhirnya, bus yang ditunggu datang dan mereka bersiap untuk naik."
qw,a,"Seorang perempuan menanyakan kebenaran lokasi halte bus koridor 1 tujuan pusat kota kepada seorang laki-laki; laki-laki itu membenarkan dan juga sedang menunggu bus yang sama; mereka menduga keterlambatan bus karena kemacetan jam pulang kerja; keduanya sepakat lebih memilih naik bus karena lebih santai, hemat, dan nyaman ber-AC; akhirnya bus datang dan mereka bersiap naik."
qw,b,"Seorang perempuan memastikan lokasi halte bus koridor 1 ke pusat kota kepada penumpang lain yang juga menunggu. Mereka menduga bus terlambat karena macet jam pulang, tapi tetap memilih naik bus karena lebih santai, hemat, dan nyaman. Saat bus akhirnya datang, mereka bersiap naik bersama."
ds,a,Dua penumpang menunggu bus Koridor 1 ke pusat kota di halte; Bus mengalami keterlambatan karena macet di jam pulang kerja; Mereka memilih naik bus karena lebih santai, hemat, dan menghindari macet serta susah parkir; Bus yang ditunggu akhirnya terlihat datang; Mereka bersiap untuk naik ke bus.
ds,b,Dua penumpang bertemu di halte dan sama-sama menunggu bus Koridor 1 yang menuju pusat kota. Mereka menduga bus terlambat karena terjebak macet pada jam pulang kerja. Keduanya sepakat bahwa menggunakan bus lebih nyaman, hemat, dan praktis dibandingkan membawa kendaraan pribadi. Percakapan diakhiri dengan kedatangan bus yang mereka tunggu.
